CREATE DATABASE  IF NOT EXISTS `startupreviewdb` /*!40100 DEFAULT CHARACTER SET utf8mb4 COLLATE utf8mb4_0900_ai_ci */ /*!80016 DEFAULT ENCRYPTION='N' */;
USE `startupreviewdb`;
-- MySQL dump 10.13  Distrib 8.0.22, for Win64 (x86_64)
--
-- Host: localhost    Database: startupreviewdb
-- ------------------------------------------------------
-- Server version	8.0.22

/*!40101 SET @OLD_CHARACTER_SET_CLIENT=@@CHARACTER_SET_CLIENT */;
/*!40101 SET @OLD_CHARACTER_SET_RESULTS=@@CHARACTER_SET_RESULTS */;
/*!40101 SET @OLD_COLLATION_CONNECTION=@@COLLATION_CONNECTION */;
/*!50503 SET NAMES utf8 */;
/*!40103 SET @OLD_TIME_ZONE=@@TIME_ZONE */;
/*!40103 SET TIME_ZONE='+00:00' */;
/*!40014 SET @OLD_UNIQUE_CHECKS=@@UNIQUE_CHECKS, UNIQUE_CHECKS=0 */;
/*!40014 SET @OLD_FOREIGN_KEY_CHECKS=@@FOREIGN_KEY_CHECKS, FOREIGN_KEY_CHECKS=0 */;
/*!40101 SET @OLD_SQL_MODE=@@SQL_MODE, SQL_MODE='NO_AUTO_VALUE_ON_ZERO' */;
/*!40111 SET @OLD_SQL_NOTES=@@SQL_NOTES, SQL_NOTES=0 */;

--
-- Table structure for table `comments`
--

DROP TABLE IF EXISTS `comments`;
/*!40101 SET @saved_cs_client     = @@character_set_client */;
/*!50503 SET character_set_client = utf8mb4 */;
CREATE TABLE `comments` (
  `id` bigint NOT NULL AUTO_INCREMENT,
  `date_time` datetime DEFAULT NULL,
  `description` text,
  `rating_id` bigint DEFAULT NULL,
  `user_id` bigint NOT NULL,
  PRIMARY KEY (`id`),
  KEY `FKe3087q6lb6xq4cm11ypkhcqkm` (`rating_id`),
  KEY `FK8omq0tc18jd43bu5tjh6jvraq` (`user_id`),
  CONSTRAINT `FK8omq0tc18jd43bu5tjh6jvraq` FOREIGN KEY (`user_id`) REFERENCES `users` (`id`),
  CONSTRAINT `FKe3087q6lb6xq4cm11ypkhcqkm` FOREIGN KEY (`rating_id`) REFERENCES `ratings` (`id`)
) ENGINE=InnoDB AUTO_INCREMENT=10 DEFAULT CHARSET=utf8mb4 COLLATE=utf8mb4_0900_ai_ci;
/*!40101 SET character_set_client = @saved_cs_client */;

--
-- Dumping data for table `comments`
--

LOCK TABLES `comments` WRITE;
/*!40000 ALTER TABLE `comments` DISABLE KEYS */;
INSERT INTO `comments` VALUES (1,'2021-05-04 15:33:37','You should raise the issue the issue to the company.',1,4),(2,'2021-05-04 15:38:54','Any response from the company.',1,4),(3,'2021-05-04 17:42:31','Do share the response you get from the company.',1,4),(4,'2021-05-04 18:03:49','Yes they responded and the the apologized for the incident.',1,5),(5,'2021-05-04 19:36:10','Testing another comment for this rating. Modification is all done',1,4),(6,'2021-05-14 18:48:00','this is test comment for review 2',5,4),(7,'2021-05-14 19:26:31','yes i strongly agree with you on your points.',6,4),(8,'2021-05-14 21:07:42','i agree with your comment the app is preety good\n',9,4),(9,'2021-05-17 16:49:08','I reported the issued no reply from the company',8,4);
/*!40000 ALTER TABLE `comments` ENABLE KEYS */;
UNLOCK TABLES;

--
-- Table structure for table `ratings`
--

DROP TABLE IF EXISTS `ratings`;
/*!40101 SET @saved_cs_client     = @@character_set_client */;
/*!50503 SET character_set_client = utf8mb4 */;
CREATE TABLE `ratings` (
  `id` bigint NOT NULL AUTO_INCREMENT,
  `date_time` datetime DEFAULT NULL,
  `description` text,
  `rating` float DEFAULT NULL,
  `title` varchar(255) DEFAULT NULL,
  `startup_id` bigint DEFAULT NULL,
  `user_id` bigint DEFAULT NULL,
  PRIMARY KEY (`id`),
  KEY `FKlvbtu5ki2qe9dcms8nw7wc7jj` (`startup_id`),
  KEY `FKb3354ee2xxvdrbyq9f42jdayd` (`user_id`),
  CONSTRAINT `FKb3354ee2xxvdrbyq9f42jdayd` FOREIGN KEY (`user_id`) REFERENCES `users` (`id`),
  CONSTRAINT `FKlvbtu5ki2qe9dcms8nw7wc7jj` FOREIGN KEY (`startup_id`) REFERENCES `startups` (`id`)
) ENGINE=InnoDB AUTO_INCREMENT=15 DEFAULT CHARSET=utf8mb4 COLLATE=utf8mb4_0900_ai_ci;
/*!40101 SET character_set_client = @saved_cs_client */;

--
-- Dumping data for table `ratings`
--

LOCK TABLES `ratings` WRITE;
/*!40000 ALTER TABLE `ratings` DISABLE KEYS */;
INSERT INTO `ratings` VALUES (1,'2021-05-14 20:07:12','Your (Uber) company is the worst company to do business with. I come out of country first time ever was trying to use your service to get around during my trip to not only to have the worst treatment by not only the drivers but by your support team as well. I plainly do not know why the terms was violated as you stated you only reference to a dang website. That do not explain to a detail what I was being accused of doing as you say I violated terms. I did all the correct guidelines of what was asked. I worn my mask at all times, and I seen a email stating a driver whom NEVER PICKED ME UP REPORTED NOT WEARING A MASK. I tried to use again another time on same trip and booked a pick up and I had confirmed a driver who headed to pick me up cancelled on the same street I was supposed to be pick up on and they (Driver) rated I wasn\'t not wearing a mask. Mind you this driver didn\'t even see me or near my location pick up spot.',8,'Not happy with the service',18,4),(5,'2021-04-26 17:30:22','I’m not huge on ride share or using anything that involves giving my bank info to a company. When using Uber for the first time I was very surprised at how competitive the prices were. Getting a ride from the casino was 79$ from a taxi and 36$ from Uber! I was shocked. The drivers are cool and do there best to make sure I was comfortable. The only bad part is the lack of rewards we can get and the discounts are only temporary and they’re given when they want to give add them to our account. And they come with restrictions. They combined it with Uber eats but they don’t offer it in my area which is a disappointment for sure.',9.5,'Love their service',18,5),(6,'2021-05-17 16:28:32','this is test reviewWhat do you like best?\nThe user interface of the application is really easy and friendly. The team made such a simple yet functional UX that it makes it easy even for my mom to use. A very straightforward method to schedule a meeting or join one.\nReview collected by and hosted on G2.com.\n\nWhat do you dislike?\nThe only thing that Zoom lacks is creating custom links with custom names that can be added to the links. Makes it easier for people to connect. for zoom application',9,'\"One of the smoothest video conferencing apps\"',29,4),(7,'2021-05-14 20:07:43','Zomato Pro individuals will likewise get need conveyance on Zomato. It implies that any request put by a Pro part will leap to the front of the ongoing line when it searches for a Zomato Valet to convey the request. It will prompt the requests getting conveyed 15-20% quicker (on a normal) during top supper times.\n\nThe Zomato Pro membership will likewise return with a cash ensure conspire.\n\nZomato asserted that if a supporter don\'t save 2x the membership expense of Zomato Pro inside the membership time frame, Zomato will auto-discount the membership charge toward the year\'s end.\n\nBeing a calling driven individual, we bear to miss on our eating regimen however never to miss on our cutoff times.\n\nIn any case, not to stress any longer. You can rapidly arrange your number one brisk munchies from one of the closest eateries .\n\nand get something to eat in no while topping off up your stomach and you are back on the path.\n\nWomen, you can appreciate the gatherings as well! .',8,'Offers many discounts.',19,4),(8,'2021-05-14 20:17:06','No hello, how are you and my name is... No help with luggage. No air conditioning. I ask him to turn on the AC and he says no. I took off my mask for a moment to breathe and he gets angrily arrogant and puts us out. I wanted to end the ride but he rudely told us to get out. Did he dislike a ** person in the vehicle? Never had issue with an unfriendly driver. No courtesy; cold and arrogant. $31.00 for that attitude 12:30 am? NO. Driver who took us to the airport was a gentleman and conversational. This one was cold and arrogant. Bye, bye Lyft.',3,'the service provided was poor',20,4),(9,'2021-05-14 21:05:45','After installing this application after long time I felt it was worth because first of all it only allows a class of people whose credit score is above 730 which means it makes us feels we are superior. There are many offers and rewards which are somewhat valuable in terms of cash and third party app discount offers. Paid my credit card bill for first time got some reward which was minimal but satisfiable. Looking for more exciting offers for next time I pay my bill. Thanks.',8.5,'Nice App',22,4),(10,'2021-05-17 16:18:09','I stayed at the OYO Epsilon Stratford recently and I have to admit that I was not expecting much because the price for the night was very low.\n\nWhen I arrived, there was a lovely staff member who gave me such a warm welcome at reception, I was surprised and that made me smile. The layout at reception was very stylish and the floors were very quiet and clean. As I entered my room I immediately noticed how stylish, clean and overall nice it was. The bed was absolutely fabulous, sheets and mattress were super clean (I checked), the bathroom was spotless, there was tea/coffee, a big screen tv and Terminator 2 was just starting when I turned it on (Yes!!).\n\nThen I started thinking about the amount of times I paid more than twice the price £££ for rooms that were the same or less quality.\n\nThe next morning I went to have breakfast downstairs, where I was greeted by a lovely staff member who immediately asked me if I wanted eggs and how would I like them, there was also a large selection of food for breakfast and everything was included in the very low price I paid (W.T.F!).\n\nI love this hotel, I loved my room and most importantly I liked the happy positive staff.\n\nI will definitely stay with them again',8.5,'I highly recommend *****',35,5),(11,'2021-05-17 17:06:31','The arrival on my Allbirds purchase\nWas excellent and faster than the suggested delivery frame. As I work in a Hospital environment I can walk up to 25-35km a day. I am looking forward to wearing my Allbirds to gain better comfort for my feet. Nice stylish footwear good selection on offer and the sizing is spot on also priced very reasonably. A good marketing strategy provides plenty of information about the product and eco friendly which lead me to buying myself a pair.',8.5,'Allbirds for my feet',31,4),(12,'2021-05-17 17:08:21','Share chat app njan Download the app from the Play Store for the first time in years .I really liked the App. It\'s a entertainment app .\n\nLots of funny videos and whatsapp status Videos have People post pictures of status This app lets you add your favorite people as frinds and chat with them.I like the video I posted to Share On Chat. It gave me a gift.Using the shakechat section, we get to know new people and become friends with them .\n\nSome of these features\n\nStatus videos, pichers can be downloaded and annotated\n\nYou can share our Youtube videos website links,\n\nYou can invite friends and chat with them\n\nKai also happens to meet new people and make friends with them\n\nYou can also show your creativity and create fans\n\nOverall, I really liked this app',7.5,'Share chate make frinds , whatsapp status & videos',38,4),(13,'2021-05-17 17:17:39','Maine 11-12th ka 25000 ka subscriptions liye hai par one week ke under hi maine cancel Karney ke liye bola kar bola nahi ho gaa .mere father nahi hai mother bahut mehnat se mere study ke liye paise de hai . Teachers kabhi seriously padhtay nahi hai aapnay personal life discuss kartay hai aur serial wise syllabus nahi padhtay kabhi bhi koi bhi chapter padhtay hai . questions puchnay ka time nahi milta online classes pe padhtay kaha hai . Maine request kiya hai please meri fees refund kar dijye\n\n',0.5,'Don\'t invest your money in this aap .',32,4),(14,'2021-05-17 17:19:03','What do you like best?\nSwiggy is an easy go-to the application whenever you are busy or not in a mood to cook, you can always choose Swiggy , it provides you with different facilities like home delivery, takeout, and pre reservations which helps you save your time as well as you fulfil your needs, the application is user friendly it is also easy to use as it makes your easy y showing various categories like breakfast, lunch, dinner, and other options and one can choose according to their suitability\nReview collected by and hosted on G2.com.\n\nWhat do you dislike?\nThe application sometimes crashes which causes hindrance while ordering food. The application is sometimes doesn\'t properly categorize your food options which are annoying.\nReview collected by and hosted on G2.com.\n\nRecommendations to others considering the product:\nSwiggy is great application, one should definitely try its services, which helps you save your time, one can eat whatever they want to and whenever they want to . it has met all the requirements till now.\nReview collected by and hosted on G2.com.\n\nWhat problems are you solving with the product? What benefits have you realized?\nSwiggy has helped in saving my time and money by letting me home ordering my food, it has also helped in saving money by showing various discounting options',9,'One of best food ordering application',23,4);
/*!40000 ALTER TABLE `ratings` ENABLE KEYS */;
UNLOCK TABLES;

--
-- Table structure for table `roles`
--

DROP TABLE IF EXISTS `roles`;
/*!40101 SET @saved_cs_client     = @@character_set_client */;
/*!50503 SET character_set_client = utf8mb4 */;
CREATE TABLE `roles` (
  `id` int NOT NULL AUTO_INCREMENT,
  `name` varchar(20) DEFAULT NULL,
  PRIMARY KEY (`id`)
) ENGINE=InnoDB AUTO_INCREMENT=4 DEFAULT CHARSET=utf8mb4 COLLATE=utf8mb4_0900_ai_ci;
/*!40101 SET character_set_client = @saved_cs_client */;

--
-- Dumping data for table `roles`
--

LOCK TABLES `roles` WRITE;
/*!40000 ALTER TABLE `roles` DISABLE KEYS */;
INSERT INTO `roles` VALUES (1,'ROLE_USER'),(2,'ROLE_MODERATOR'),(3,'ROLE_ADMIN');
/*!40000 ALTER TABLE `roles` ENABLE KEYS */;
UNLOCK TABLES;

--
-- Table structure for table `startups`
--

DROP TABLE IF EXISTS `startups`;
/*!40101 SET @saved_cs_client     = @@character_set_client */;
/*!50503 SET character_set_client = utf8mb4 */;
CREATE TABLE `startups` (
  `id` bigint NOT NULL AUTO_INCREMENT,
  `description` text,
  `name` varchar(255) DEFAULT NULL,
  `user_id` bigint NOT NULL,
  `date_time` datetime DEFAULT NULL,
  `launch_date` datetime DEFAULT NULL,
  `tags` text,
  `logo_link` text,
  PRIMARY KEY (`id`),
  UNIQUE KEY `UKe2j7pts8cm0223w9pmqg6o0pj` (`name`),
  KEY `FKkbubfvl2ekx6ev22m0pha2e58` (`user_id`),
  CONSTRAINT `FKkbubfvl2ekx6ev22m0pha2e58` FOREIGN KEY (`user_id`) REFERENCES `users` (`id`)
) ENGINE=InnoDB AUTO_INCREMENT=42 DEFAULT CHARSET=utf8mb4 COLLATE=utf8mb4_0900_ai_ci;
/*!40101 SET character_set_client = @saved_cs_client */;

--
-- Dumping data for table `startups`
--

LOCK TABLES `startups` WRITE;
/*!40000 ALTER TABLE `startups` DISABLE KEYS */;
INSERT INTO `startups` VALUES (18,'Uber Technologies, Inc., commonly known as Uber, is an American technology company. Its services include ride-hailing, food delivery (Uber Eats), package delivery, couriers, freight transportation, and, through a partnership with Lime, electric bicycle and motorized scooter rental. The company is based in San Francisco and has operations in over 900 metropolitan areas worldwide.[3] It is one of the largest firms in the gig economy.','uber',4,'2021-05-14 17:32:17','2020-04-18 00:00:00','transport','https://www.logo.wine/a/logo/Uber/Uber-Logo.wine.svg'),(19,'Zomato (/zoʊmɑːtoʊ/) is an Indian multinational restaurant aggregator and food delivery company founded by Pankaj Chaddah and Deepinder Goyal in 2008.[8][9] Zomato provides information, menus and user-reviews of restaurants as well as food delivery options from partner restaurants in select cities.[10] As of 2019, the service is available in 24 countries and in more than 10,000 cities.[11]','zomato',4,'2021-05-04 23:13:45','2020-03-19 00:00:00','food,delivery','data:image/png;base64,iVBORw0KGgoAAAANSUhEUgAAAOEAAADhCAMAAAAJbSJIAAAAk1BMVEXiN0T////hMD7iNULhKjnhLDvhLz3hIzThJzfhKjrgGy7gHzHgFSrhJTXgHjDgGCz++fnobXTunqLlVl/65OXnZW3wq6/zur330dP98vP87e7sjpPyt7r419n30tTpdn3kSlXrhYv53d/1xcfqfYPriY/tl5zmXmf0wcPjQ0/wpqrxsLTkUFrfCiTmYWnum5/eABCIl7loAAAJNklEQVR4nO2d53Lrug5GRVK9Sy5x73bcs9//6Q6LCijJse/ck505Hqx/oUQRYPkAUhnLICTNe8x4R1gvTwkxyCYw39NB7qIZbIiRBu/qn4AFqZGbv23Fj2LmxpuuwRLWM97bQePt/UMQBEEQBEEQBEEQBEEQBEEQBEEQBEEQBEEQBEEQBEEQBEEQBEEQBEEQBEEQBEEQBEEQBEEQBEH+DvS9f9iKmeHyjX+7i1n+aTgm/m/b8VNQx5luCCGTN/WQhtmWSObBb9vyI9D7mBR8RL9tzI/gDksHSe79tjE/QrCpPNzZv23M/wljlLZDnl85SHr0r5pDbfuVCMyoZen3yZLmXVYUh6w3yAYrP3bhVTqoPYza7THLdQIncu3XIyV1TdOzLMuu4X95pgl+y5VZQbJa7nbZKXTgxGFiFCwzCvxS9LjOZ9Np5rj18wO6nO4HiQWquclqeuyXfvRnPb+wl0bOLa8cHP8JBLXcMI9XnI3mi+1lbQcvDjDNZsPz12G6X1fs99PD13l4KV1kbjSdl62OdmHlIzNO18Fyev6YT0giC4JrofPnpLglyVTVdO2ULfqry4TozFdSU+hgO1pUSkrS+UYwKl00oxxUnGfJS+NonskjinBrO0OteLws47BTawIRv7/M4o/q75l0yKaLqmSvRjHJNqSDpehP79B1aaT6hoXNqwv7lWGMProeKj1RjgRZ2rzyERYejuoyPqDUgENz5S6bn7CaXFVOp3+cT26te+m6cpFT3jb6rSvp6gUXg3nHMyUqZQq7xngbdnhIT1pXDE3DG2i11mJ6O4/aG/N57Wy7rsjBt3pdl9IXUnN/3FVT0I+Fg91DfI6avcN1Vh/rkWM3jJJjYU0ftcc7IOgcYDG6zWdVRoZPPYwfNUj6XB/j4YOLK9F30KAkaUyijd9wmRxFtzDrUXvb6EF389nNjEe1ptYTB+mDvuF8eYa1e2iOCA9x7VT6Z9a4o/+nOSBbOPDj7XmdZXswLScxDPY1YvqG7TVYXn02iPb6UdVLwpfWo4tSWWCX91s9tdg3S1QeLaZpOryGjmnzWOqDpZqwVVdLm8Bw864LiuyJ2HSrF+fI+yaAC3/PelAkDnx2hPWf21Ynb1sSPJQBlrHxOqyzGBBgEna9DIEv/fNQsLa1Odof2Ev46Gf7D/MyH422kiNQRjK6cVuuoODkMnoD0YAHKdiwuLLJPhtebe8Z+KtYMiyGaRGYRHzSmO4N9EhoCmwjAitgc6PMhIZJQfzWxcARRFEcgWW+CZmu3etmQOaxhOrBYHaz/aNWMg1pCBbjAM4nmXVTxux6qYs0COpCKSLMBc9kQuL8BSh5rqbFYzzg4ER8QYFFoOAm77lqD9aFf8tvibR4lse63HqsastJXJ7vLbOedVuXl2WGARyuVhhs5yLnpAnX5YunVQzoIhlbopINpOJLbUWh1kXMhaFkLJJnLZ7NRa8AMRoXqSr1T/mims5pNfPlkQW0/VSYHiyaZZo+Xl/ykMHZlBqy8+CAFI0BaSGUwZSGZGJxJTCeyTog3KpDF/YgLy0kAyaR5fRL6qKJ6iW6/J89vEFji2TPr3UlLRqDHjowHPKFa+jzmnyIfJmBZTUTKQ2lcAlpyE9vgDSpPGijILkthFPz8PSKhyFUiM9C8py6qDzzCsBtoeavPG+AtqiG4bISwmHDldxAPgLM6kXRqAVWy0GtFm2WOi94mMCgmBXbQigrR9V1MCJPfC1Khc2GN3IEPLCs7tSgMKSn/U0fzmp5ZAFWehno4P6uOLiBj02T5w7GUJl2ZQClIJSp/Ys2IiMH3rB1mraoz73AZeUyI6km/vhghHEQ+2H9ELnDBN1aHrS5IBoW8hqBOffCmaoD06tpdT+c64WHMAHKPSjiSmuhNilbwLLiUlrX+AiL0GFXrcixgI2WB22wl4qQmoDUY/j0yzkuXLXn+hgdDtFMDSzMf3sU+rtU/oDrKkrBZeXUho1uVevVQ2Ru4n3BFh6NITsBkwfPNsHaLnUG8gMoG+ocAeYbk1Db/8rNlBGCpE09CQSLi1sbVgfpuopsA+ZnpYLAua/SHBeUpE/3FnBPcPwjEjhxvBXHFG7kUtnnIXDpbMJoovyBWxGVLTItB6uEaFKJg1evEBlMHBBLlOmWlnkcZQiCQen8ZJJq4ka2o9FosZjPN1zkBhSGb6E/wRrcyrMeECxU6IJ5qpIeKE13WuUr/XItMK8edbmUYYi98dQ1Sg5UyxUtarAbzA2fHOFSo7XFKXGYlmRmN+2ka+hqi0HNYhi4hlKboKo7rJ5uxYfRtEyqGQ7J2WPLGUl9bfL3Tzcb2jX8fu+kZds6vJttbYOvdcU4Zh1aC/NUdXQIZJDn1bWMjG4WHyBHOz27C8UACVoBFyhXOz7QDHn2kTWneTBbI2J8+NB/oV9wK3WQ/kDpGTSDBbcUqHN/bdgD/dxDqk/bQ9553Vt/yf17IX18KKRstlrnEOVFRx+fQsTj74KFGOaOU6+6j5NGhQKhnkHnIWNpyHcessceyjEIu882L0ljfIrkF+aprWAhpm379PmjKklbD60NYVa3XAyfJWyPj+hkiiWe3DVPc/XcBLSqXloAzVPiCkvEoWerS7f1edyklccq5FZVS+mbhnzn4amrnqTYrVLWXqlZ0JoA6vwf5t0qWYRaJSXBgsc2fJKFtUwWAbS5cIq82mq7mGZPpmijixtsivSU+Y2zuJlbZIsUWN+Xd0PJU+HDq3OP4iWI+Vl32YfhAgsm6kDJ1vpgfC4/uGkzuIMl4jjjhffD7DQ87Ne7ZZYN7vdPwX0wyJa79TRfV9UjY1gZ1c9p9c6SXbMKpWjssy75lLexXuMW+X8Ws3l/M7rsHHGU3ZuW7IsWrVMpK/1ZFtZfFGVx75h2GfK9i6Z4MUob2Lblgf5hbmIsp3k+zSwffsKUgSqtEtYqqepRl+eFTvEOl1kl9UvJKFx1vBoWb0/D6/rrfD5ktu+95N/rMGp5nvX3/sms8/W+vGB7pvkXDUEQBEEQBEEQBEEQBEEQBEEQBEEQBEEQBEEQBEEQBEEQBEEQBEEQBEEQBEEQBEEQBEEQBEEQBEH+Pd79R6SY0XtvF1nPyJ/+cvJ/GjM3nv2k6X8bFqQG2QTmu/rIzGBDDELS/E3XIuvlKSH/AGU7i7GCofk5AAAAAElFTkSuQmCC'),(20,'Lyft, Inc. develops, markets, and operates a mobile app, offering vehicles for hire, motorized scooters, a bicycle-sharing system, and food delivery. The company is based in San Francisco, California and operates in 644 cities in the United States and 12 cities in Canada.[2]\n\nWith a 30% market share, Lyft is the second-largest ridesharing company in the United States after Uber.[3]','lyft',4,'2021-05-04 22:37:59','2020-02-20 00:00:00','travel,transportation','https://cdn.designrush.com/uploads/inspiration_images/4796/990__1511457945_616_lyft.png'),(22,'CRED is an Indian fintech startup and unicorn,[1][2][3] based out of Bangalore, Karnataka, which was founded in 2018.[4][5][6] CRED\'s main feature is allowing users to make credit card payments through its app for which they get rewarded.[7] Later, CRED added features to allow users to make house rent payments[8] and introduced short-term credit lines.[9] CRED\'s business model and valuation has received criticism for being overvalued and lacking a solid monetization plan.[10][11]\n\nCRED raised funding from DST Global,[12] Sequoia Capital (India),[13][14] and Tiger Global,[15] among other investors, through four rounds of private funding so far[16] and is currently valued at $2.2 billion (April 2021).[17] CRED posted losses of Rs. 360.31 crore in the 2020 fiscal year (FY20),[18] caused primarily due to high expenditure on marketing and advertising.[19] CRED became the official partner (sponsor) for the Indian Premier League for three years from 2020 to 2022,[20][21][22] in a Rs. 120 crore deal.[23] CRED\'s advertising content and videos, often made in-house and featuring celebrities such as Anil Kapoor,[24] Madhuri Dixit[25] and Udit Narayan[26] generated large discourse in news and social media[27][28][29][30] due to their unique advertising strategy, which has received both praise[31] and criticism.[32]','cred',4,'2021-05-04 22:38:28','2017-12-31 00:00:00','finance','https://www.nextbigbrand.in/wp-content/uploads/2019/03/Screen-Shot-2019-03-08-at-9.36.24-PM.png'),(23,'Swiggy is India\'s largest[3][4][5] online food ordering and delivery platform, founded in 2014. Swiggy is based in Bangalore, India, and as of March 2019, was operating in 100 Indian cities.[6] In early 2019, Swiggy expanded into general product deliveries under the name Swiggy Stores.[7][8][4]\n\nIn September 2019, Swiggy launched instant pickup and drop service Swiggy Go.[9] The service is used for a diverse array of items, including laundry and document or parcel deliveries to business clients and retail customers.[10]\n\nSwiggy is operated by Bundl Technologies Private Limited.[1]','swiggy 123',4,'2021-05-14 18:18:53','2013-12-29 00:00:00','food,delivery','https://cdn.worldvectorlogo.com/logos/swiggy-1.svg'),(26,'Flipkart is an Indian e-commerce company, headquartered in Bangalore, Karnataka, India, and incorporated in Singapore as a private limited company.[7] The company initially focused on online book sales before expanding into other product categories such as consumer electronics, fashion, home essentials, groceries, and lifestyle products.\n\nThe service competes primarily with Amazon\'s Indian subsidiary and domestic rival Snapdeal.[8][9] As of March 2017, Flipkart held a 39.5% market share of India\'s e-commerce industry.[10] Flipkart has a dominant position in the apparel segment, bolstered by its acquisition of Myntra, and was described as being \"neck and neck\" with Amazon in the sale of electronics and mobile phones.[11] Flipkart also owns PhonePe, a mobile payments service based on the Unified Payments Interface.','flipkart',4,'2021-05-04 22:43:15','2006-12-27 00:00:00','ecommerce,apparel','https://mir-s3-cdn-cf.behance.net/project_modules/max_1200/5f3d81106163451.5f897528aa41a.jpg'),(29,'Zoom Video Communications, Inc. (stylized as zoom or simply Zoom) is an American communications technology company headquartered in San Jose, California. It provides videotelephony and online chat services through a cloud-based peer-to-peer software platform and is used for teleconferencing, telecommuting, distance education, and social relations.[4][5]\n\nEric Yuan, a former Cisco engineer and executive, founded Zoom in 2011, and launched its software in 2013.[6] Zoom\'s aggressive revenue growth, and perceived ease-of-use and reliability of its software, resulted in a $1 billion valuation in 2017, making it a \"unicorn\" company.[7] The company first became profitable in 2019,[8][9] and completed an initial public offering that year.[10] The company joined the NASDAQ-100 stock index on April 30, 2020.[11]','zoom',4,'2021-05-14 18:07:36','2021-04-28 00:00:00','video,communication','https://seeklogo.com/images/Z/zoom-icon-logo-C552F99BAC-seeklogo.com.png'),(30,'Ola Cabs (stylized as OLΛ) is an Indian multinational ridesharing company offering services that include vehicle for hire and food delivery. The company is based in Bengaluru, Karnataka, India. As of October 2019, Ola was valued at about US$ 6.5 billion[3] A variety of venture capitalists including Softbank have large stakes in the company.[4]\n\nIn January 2018, Ola extended into its first overseas market, Australia, and in New Zealand in September 2018.[5] In March 2019, Ola began its UK operations introducing auto rickshaws in UK. More than 10,000 drivers have applied both in online and offline mode ahead of its launch in London. In February 2020, Ola launched its taxi-hailing services with over 25,000 drivers registered.[6]\n\nIn March 2015, Ola Cabs acquired Bengaluru-based taxi service TaxiForSure for approximately ₹ 1237 crore (US$ 200 million).[7] June 2015 onwards, Ola users gained access to TFS cabs via the Ola mobile application.[8] Later in the year in November, Ola further acquired Geotagg, a trip-planning applications company, for an undisclosed sum.[9]\n\nIn a move to expand beyond cab aggregation, Ola acquired struggling foodtech company Foodpanda with an eye on leveraging the growing food delivery segment business in December 2017.[10] In April 2018, Ola made its second acquisition with Ridlr (formerly Traffline), a public transport ticketing app.[11] Later in August 2018, Ola financed Series A funding of the scooter rent startup Vogo, and again in December, invested another $100 million.[12]\n\nIn March 2019, the Karnataka state transport department suspended Ola\'s operating license for six months for violation of license conditions and violation of Karnataka On-Demand Transportation Technology Aggregator Rules, 2016. This was on account of Ola running bike taxi services though it only had license for four wheeler taxi operations. The company termed the order unfortunate and was looking at working with driving partners to continue functioning. They also claimed to be in touch with authorities to sort things out.[13]','ola cabs',5,'2021-05-17 12:51:25','2010-11-30 00:00:00','transport,travel','https://irfinity.files.wordpress.com/2015/10/ola_logo_green.jpg'),(31,'Allbirds is a New Zealand-American company that designs and sells footwear and apparel.[2] Allbirds\' first shoe was the Wool Runner, which is made from New Zealand superfine merino wool.[3] The company claims to keep the brand as eco-friendly as possible[4] and is a certified B Corporation.[5] In March 2018, the company started offering their footwear with eucalyptus tree fiber.[6] In 2020 they launched their first apparel line for men and women made of sustainable materials.[7] According to a Bloomberg article, AllBirds is part of a direct-to-consumer model boom that act as both maker and seller, in order to avoid the low margins commonly-associated with wholesale selling model.[8]\n\nIn October 2018, the company raised a $50M Series C, bringing its total valuation to $1.4B.[9]','allbirds',5,'2021-05-17 12:54:35','2016-06-01 00:00:00','footwear,clothing','https://cdn.dribbble.com/users/4882472/screenshots/10248226/media/b339c6415392e3bf83162a7d6f0ebb4e.png'),(32,'\'Unacademy\' is an Indian educational technology company, based in Bangalore. Originally created as a YouTube channel in 2010 by Gaurav Munjal,[1] the company was founded in 2015 by Munjal, Roman Saini, and Hemesh Singh.[2][3][4] The company has a network of over 18,000 educators, and offers preparation material for several professional and educational entrance exams. Unacademy lessons are in the form of Live Classes both free and via subscription.\n\nUnacademy started in 2010 as a YouTube channel by Gaurav Munjal. In 2015, Unacademy was officially registered as an education company in Bangalore. A privately held company, Unacademy has secured funding through a series of offerings,[7][8] including investments from US private equity firm General Atlantic, Facebook, Nexus Ventures, Blume Ventures, and Flipkart CEO Kalyan Krishnamurthy.[9] As of December 2020, Unacademy was valued at US$2.0 billion.[10]','unacademy',5,'2021-05-17 12:58:56','2015-01-01 00:00:00','education','https://static.uacdn.net/thumbnail/user/jpeg/w768/eba2b78ba4f041598b0d9d203d6b67ff.jpeg'),(33,'Policybazaar is an Indian insurance aggregator and a global financial technology company based in Gurgaon, India. The company was founded in June 2008 by Yashish Dahiya,[1] Alok Bansal[2] and Avaneesh Nirjar.[3] It provides a digital platform - website and app - where users compare financial services from major insurance companies. The company is India\'s largest insurance aggregator,[4] and has expanded its operations to the United Arab Emirates.\n\nPolicybazaar.com was founded in June 2008 by Yashish Dahiya, Alok Bansal and Avaneesh Nirjar, starting out as an insurance comparison website.[8][7][9] At that time, the Indian insurance industry still lacked transparency and policies were mostly sold through agents.[6] Policybazaar started by listing the details of multiple insurance policies for customers to choose from.[6][10] It began as a price-comparison website,[6] and an information portal for learning about insurance and insurance programs. The website subsequently expanded to becoming a marketplace for insurance policies. In 2015, Policybazaar launched its app[11] for Android and iOS users.\n\nIn February 2020, Sarbvir Singh was appointed CEO effective December 2019 while Yashish Dahiya took over the role of group CEO.','policybazaar',5,'2021-05-17 14:55:15','2008-06-01 00:00:00','finance,','https://pbs.twimg.com/profile_images/1360219032767524868/L6FV3tbv_400x400.png'),(34,'Paytm (a partial abbreviation for \"pay through mobile\") is an Indian e-commerce payment system and financial technology company, based in Noida, Uttar Pradesh, India. Paytm is currently available in 11 Indian languages and offers online use-cases like mobile recharges, utility bill payments, travel, movies, and events bookings as well as in-store payments at grocery stores, fruits and vegetable shops, restaurants, parking, tolls, pharmacies and educational institutions with the Paytm QR code.[5] As of January 2018, Paytm is valued at $10 billion.[6]\n\nAs per the company, over 2 Crore (20 million) merchants across India use their QR code payment system to accept payments directly into their bank account.[7] The company also uses advertisements and paid promotional content to generate revenues.','paytm',5,'2021-05-17 15:01:33','2010-01-01 00:00:00','ecommerce,wallet,payment','https://www.logotaglines.com/wp-content/uploads/2016/08/Paytm-Logo-1200x1200.jpg'),(35,'Oyo Rooms (stylised as OYO), also known as Oyo Hotels & Homes, is an Indian multinational hospitality chain of leased and franchised hotels, homes and living spaces. [1][2][3][4] Founded in 2013 by Ritesh Agarwal, who is also known as world\'s youngest billionaire, OYO initially consisted mainly of budget hotels. The startup expanded globally with thousands of hotels, vacation homes and millions of rooms in India, Malaysia,[5] UAE, Nepal,[6] China, Brazil, Mexico, UK, Philippines, Japan,[7] Saudi Arabia, Sri Lanka,[8] Indonesia, Vietnam, the United States[9] and more.','oyo rooms',5,'2021-05-17 15:10:18','2013-01-17 00:00:00','hotels','https://logodix.com/logo/738765.png'),(36,'Dream11 is an Indian fantasy sports platform[3] that allows users to play fantasy cricket, hockey, football, kabaddi, and basketball.[4][5] In April 2019, Dream11 became the first Indian gaming company to become a unicorn.\nIn 2017, the company partnered with three leagues within cricket, football and basketball. Dream11 became the Official Fantasy Partner for Caribbean Premier League, Indian Super League and US professional basketball league National Basketball Association (NBA).[3] Later in the year, they partnered with the Indian Super League as their official Fantasy Football Partner.[21][22] In November 2017, the NBA, launched a fantasy basketball game in association with Dream11 and launched their official NBA fantasy game on their platform.[23][24]\n\nIn 2018, Dream11 announced its partnership with ICC (International Cricket Council),[25] Pro Kabaddi League,[26] International Hockey Federation (FIH),[27] WBBL and BBL.[28] In 2018, through the above partnership, Dream11 introduced two new games on their platform viz., kabaddi and hockey.\n\nIn October 2019, New Zealand Cricket (NZC) announced Dream11 as the title sponsor for the Super Smash domestic Twenty20 competition.[29] In January 2021, this partnership was extended for another six years until 2026.[30]\n\nOn 18 August 2020, Dream11 won the title sponsorship rights for the 2020 Indian Premier League for ₹ 2.22 billion, after Vivo pulled out for the season.','dream11',5,'2021-05-17 15:16:25','2008-12-17 00:00:00','gambling,','https://upload.wikimedia.org/wikipedia/en/6/62/Logo_of_Dream11.png'),(37,'Zerodha Broking Limited is an Indian financial services company (a member of NSE, BSE, MCX),[6][7] that offers retail and institutional broking, currencies and commodities trading, mutual funds, and bonds. Founded in 2010,[8] the company is headquartered in Bangalore and has physical presence in several major Indian cities.[9][10][11]\n\nAs of December 2020, Zerodha was the largest retail stockbroker in India by active client base, and contributes upwards of 15% of daily retail volumes across Indian stock exchanges.[12]\n\nIn June 2020, Zerodha entered the unicorn club with a self-assessed valuation of about $1 billion.[13][14] This valuation was based on the ESOP buyback exercise the company undertook valuing each share at more than four times of the book value of ₹700 per share','zerodha',5,'2021-05-17 15:26:02','2010-08-15 00:00:00','finance,trade','https://img.theweek.in/content/dam/week/news/biz-tech/images/2020/4/13/Zerodha-Logo.jpg'),(38,'ShareChat is an Indian social media and social networking service, based in Bangalore, India. It was developed by Mohalla Tech Pvt Ltd. and founded by Ankush Sachdeva, Bhanu Pratap Singh and Farid Ahsan.[1] It was incorporated on 8 January 2015. ShareChat has over 180 million monthly active users[2] across 15 Indic languages. The company\'s application offers features that include private messaging, tagging and a personal messaging feature, enabling users to share videos, jokes, songs and other language based social content with other unknown users.','sharechat',5,'2021-05-17 15:36:07','2015-10-15 00:00:00','network,social,','https://upload.wikimedia.org/wikipedia/en/thumb/e/ec/ShareChat_app_logo.png/120px-ShareChat_app_logo.png'),(39,'Urban Company (formerly known as Urban Clap) is an Indian gig marketplace that offers home installation, maintenance and repair services, and home beauty and wellness services.[2] In 2014, the company was founded by Abhiraj Singh Bhal, Varun Khaitan and Raghav Chandra, and they all are cheated money from the customer it\'s proffesional, service provider ,customer care is non professional they done trial and error method in your appliences request you don\'t use urban clapexpanded its service offerings in January 2020.[2][3] In May 2020, Urban Company reported an operating revenue of INR 216 crore and its valuation was at INR 918 crore; the company followed the I-GAAP accounting method.[4] In FY20, the home maintenance and repair services contributed 45% of total revenue and the beauty and wellness services contributed 55% of total revenue. In March 2020, the company was servicing 22 locations within and outside India, had a network of 25,000 professionals, and were performing 800,000 service tasks every month.[','urban company',5,'2021-05-17 15:42:47','2014-01-01 00:00:00','service','https://res.cloudinary.com/urbanclap/image/upload/v1467812027/uc_logo.png'),(40,'Lenskart is an Indian optical prescription eyewear retail chain, based in Faridabad, India. As of September 2019, Lenskart had over stores in 70 cities in India.[1][2] Its manufacturing facility in Delhi manufactures 300,000 glasses a month.[3] Lenskart also has a factory in Zhengzhou (China) which manufactures about 50% of the production.\nThe company had a valuation of $1.5 billion by Dec 2019 after Softbank invested around $275 million.[5] Peyush Bansal, a former Microsoft employee, founded Lenskart in 2010 along with Amit Chaudhary and Sumeet Kapahi.[6] In 2020 Lenskart generated total revenue of Rs.1000 cr. plus[7] Financial backers of Lenskart include TPG Growth, International Finance Corp and Adveq Management.[8] Ratan Tata (of Tata Sons) and S Gopalakrishnan (of Infosys) have also invested in Lenskart.[9] In March 2018 Wipro Chairman Azim Premji invested 400cr in the group taking the valuation of the company to 3000 Crore.[10][9]In 2018 the company became profitable (EBITD).[3]Lenskart launched the eyewear brand John Jacobs in 2017.[11][12] The company is in talks with Japanese group SoftBank as well as the private equity firm Kedaara Capital for investment.[13][1]\n\nIn October 2017, Lenskart\'s first brand ambassador was Katrina Kaif.[14][15] In March 2019 the company hired Bhuvan Bam as their first male brand ambassador.','lenskart',5,'2021-05-17 15:45:45','2010-01-01 00:00:00','eyewear','https://upload.wikimedia.org/wikipedia/en/c/ce/Lenskart_logo.png'),(41,'Hike Messenger, also called Hike Sticker Chat, was an Indian freeware, cross-platform instant messaging (IM), Voice over IP (VoIP) application which was launched on 12 December 2012 by Kavin Bharti Mittal and is now owned by Hike Private Limited.[3] Hike can work offline through SMS and has multi-platform support.[4] The app registration uses standard one time password (OTP) based authentication process.[5] With abundance of low-cost data, Hike decided to go from a single super app strategy to multiple app approach, so that it can focus more on the core messaging capabilities.[6] It has numerous Hikemoji Stickers which can be customized accordingly. From version 6, the user-interface was revised and the app no longer supports features like news, mobile payment, games or jokes.[7] As per CB Insights, $1.4 billion is the valuation of Hike[8] with more than 100 million registered users till August 2016 and 350 employees working from Bengaluru and Delhi.','hike messenger',5,'2021-05-17 15:50:14','2012-01-17 00:00:00','message,chat','https://www.mobilityindia.com/wp-content/uploads/2019/01/hike-logo.jpg');
/*!40000 ALTER TABLE `startups` ENABLE KEYS */;
UNLOCK TABLES;

--
-- Table structure for table `user_roles`
--

DROP TABLE IF EXISTS `user_roles`;
/*!40101 SET @saved_cs_client     = @@character_set_client */;
/*!50503 SET character_set_client = utf8mb4 */;
CREATE TABLE `user_roles` (
  `user_id` bigint NOT NULL,
  `role_id` int NOT NULL,
  PRIMARY KEY (`user_id`,`role_id`),
  KEY `FKh8ciramu9cc9q3qcqiv4ue8a6` (`role_id`),
  CONSTRAINT `FKh8ciramu9cc9q3qcqiv4ue8a6` FOREIGN KEY (`role_id`) REFERENCES `roles` (`id`),
  CONSTRAINT `FKhfh9dx7w3ubf1co1vdev94g3f` FOREIGN KEY (`user_id`) REFERENCES `users` (`id`)
) ENGINE=InnoDB DEFAULT CHARSET=utf8mb4 COLLATE=utf8mb4_0900_ai_ci;
/*!40101 SET character_set_client = @saved_cs_client */;

--
-- Dumping data for table `user_roles`
--

LOCK TABLES `user_roles` WRITE;
/*!40000 ALTER TABLE `user_roles` DISABLE KEYS */;
INSERT INTO `user_roles` VALUES (4,1),(5,1),(6,1),(7,1),(8,1),(9,1),(10,1),(11,1),(12,1),(13,1),(14,1),(15,1),(16,1),(17,1),(18,1),(19,1),(20,1),(21,1),(22,1),(23,1),(24,1),(25,1),(26,1),(27,1),(28,1),(29,1),(30,1),(31,1),(4,2),(31,2),(4,3),(31,3);
/*!40000 ALTER TABLE `user_roles` ENABLE KEYS */;
UNLOCK TABLES;

--
-- Table structure for table `users`
--

DROP TABLE IF EXISTS `users`;
/*!40101 SET @saved_cs_client     = @@character_set_client */;
/*!50503 SET character_set_client = utf8mb4 */;
CREATE TABLE `users` (
  `id` bigint NOT NULL AUTO_INCREMENT,
  `email` varchar(50) DEFAULT NULL,
  `password` varchar(120) DEFAULT NULL,
  `username` varchar(20) DEFAULT NULL,
  `name` varchar(20) DEFAULT NULL,
  PRIMARY KEY (`id`),
  UNIQUE KEY `UKr43af9ap4edm43mmtq01oddj6` (`username`),
  UNIQUE KEY `UK6dotkott2kjsp8vw4d0m25fb7` (`email`)
) ENGINE=InnoDB AUTO_INCREMENT=32 DEFAULT CHARSET=utf8mb4 COLLATE=utf8mb4_0900_ai_ci;
/*!40101 SET character_set_client = @saved_cs_client */;

--
-- Dumping data for table `users`
--

LOCK TABLES `users` WRITE;
/*!40000 ALTER TABLE `users` DISABLE KEYS */;
INSERT INTO `users` VALUES (4,'rajat.kumar@iiitb.ac.in','$2a$10$9d3yQFxJ2xHimtvJdGofh.YNszBBhXkgAqEau5e8m/Qp0VpuiQfsS','rajat','Rajat Kumar'),(5,'rajat1@gmail.com','$2a$10$x2vZwnKR6yLSgabWi1ZUgOEPLc55RCUUUz54edAzPYzrZA21t347a','rajat1','Lando Norris'),(6,'dfielden0@adobe.com','$2a$10$t/yYxrCyoPaifx1d94RHheHKdIo7ifi1aiUcbKcF7s5GPuuHkpHMa','dkimber0','Dominick'),(7,'lsisson1@gravatar.com','$2a$10$QHEc7x2CBffBCgF6.Nl7Wu3OSFdklqJNlypcrDhlpXhJRknByHA9K','lgresley1','Leisha'),(8,'tbradane2@yellowbook.com','$2a$10$PTp5EN7ijqc3RSGuj/P7Fuu.b2bNOSMBP3ytRpuQNVBAV58EEZdJW','tdooman2','Theresina'),(9,'gholyard3@google.es','$2a$10$k5im2B7xnjvMCQCZ70T9seETy1tXqA3VRFWO7FAhICIz.zBFPRfHW','gmclarty3','Griz'),(10,'ysangar4@etsy.com','$2a$10$Pyy7WaA/YkbnLJg47.M0tu379Te6K8YvQIZV6PzcRGQ8EiBjhrrQO','ykohneke4','Yolane'),(11,'bblazey5@ifeng.com','$2a$10$94p3vDf5E/ImvaBYEN1KSeXP82gIHdlwBpi52qZijtQ74vain.33i','bovise5','Broderick'),(12,'aaugustus6@t-online.de','$2a$10$AgyDyWdh/PbTc62H7xE8MOeXnRC0U3U2ZXUrpJuedW8wwbouCMXL.','amitchener6','Alys'),(13,'nlazenby7@spiegel.de','$2a$10$VrrV4FzKWA5qkOz6Z59B/OdZmzF74ig1eOLngZJpiilkggOWGp1Z2','nhebblewaite7','Noah'),(14,'wkirsche8@usgs.gov','$2a$10$LHSSdjqrGeMDmZaFelIhve6/BGsq/nYTrrJIkp35ng0wAXvdpFNAG','wdevons8','Wendeline'),(15,'rdilkes9@ow.ly','$2a$10$bcau4b0/4STOYWG9vJ6HYOF6fXFAIeCth7/wILJJIf7no3FIyu4KG','rhumbles9','Rici'),(16,'filyushkina@foxnews.com','$2a$10$sglAZ46KM.FJfM31s4iUVuIKvlVx6yv2/LyTjLwCo8K2IVzx8b9ba','ffehnersa','Ferdinand'),(17,'cclaffeyb@naver.com','$2a$10$.LzYjs.7nkcbq37A7tGIY.idfaKVcl4JL4oHrze5lkhSae.2CwFbC','cbedrosianb','Constantia'),(18,'sjakoubc@usda.gov','$2a$10$e911RZOlX1GB7/IjAdKTO.kr9p1QG3Dixkd1IwOK9ANDtnuwVJBqS','syakubovc','Sibella'),(19,'bphillipsond@theatlantic.com','$2a$10$Xkw.6zk1ecQC/UerqBJoDu1fLh3Lj2ehXzlHiEb3GLoXEPTR8myQi','bstothartd','Burnard'),(20,'lbogiee@jigsy.com','$2a$10$0DsrKF/ZH0gryOqeg.lbB.58pBtOdcf//h0XlarVAe3qHn369X40u','ldavide','Launce'),(21,'pstowgillf@imgur.com','$2a$10$9/rrNpzM/ViLPOmcTqQBt.H1HBV5AbMV4UUZLn0j6FAs/6Ff7FBC.','pburgottf','Packston'),(22,'dfaudrieg@spiegel.de','$2a$10$EJl./CvRODMKoyBN31Co/.m8GbeAx0TOa/Aq6xN/upRFJ9DS7tFoO','dhaddyg','Deina'),(23,'aoosthoutdevreeh@opera.com','$2a$10$7Nepr7yMPjqqWw9iO38MaOXPH.eKc9dbxJctdB3ZdEtlpE/cpa50u','aclaigeh','Angelo'),(24,'dcoleiroi@ycombinator.com','$2a$10$rZtUxqyaBumalw7itCmyCOaRFyV0gBB81i2dIROpfBz5VmdKIRt9.','dmearnsi','Dahlia'),(25,'risardj@naver.com','$2a$10$l1M/T5Ht6LHC5vzgbjekbOaZlShnjOfdbNmAYrTyB//Ow1CguVLL6','rdionisj','Rowan'),(26,'jgraundissonk@bing.com','$2a$10$GzRqyJMI1QduHDjVQgeFTu7JVX0YViqttSPPsQ4APPNXyfSlH2be2','jkettlesk','Janey'),(27,'ajeel@alibaba.com','$2a$10$tKYcPLnXSkm8bhfg.z968Ofau4sUaA7/GJwXdfKj0cQUeAaFA7Liu','ageharkel','Annis'),(28,'jfreebornem@opera.com','$2a$10$TpqQ0iPP2W2ryGvfjDQkdu.63/JR1WiP/H7GQRyGQwNY7y8iXcez6','jkyddem','Jobyna'),(29,'rduguen@mlb.com','$2a$10$7DT8RKfbRpJqxAelKm7gyuWwX0qca3Af6t9VmPXOY0inRN/JG58Y.','rlestern','Reina'),(30,'dsegraveo@weather.com','$2a$10$RtM/waHLqsc6UY4aRthY3.Xlf78nzLxBOZ8z1V89le9hRiZLxsMuW','dbyromo','Diego'),(31,'admin@admin.com','$2a$10$/8gZmWHJjSjrcN5khVMlheO76o9Wr6Y9HQ5UJLjafvXbwcsET3dWa','admin','Admin');
/*!40000 ALTER TABLE `users` ENABLE KEYS */;
UNLOCK TABLES;
/*!40103 SET TIME_ZONE=@OLD_TIME_ZONE */;

/*!40101 SET SQL_MODE=@OLD_SQL_MODE */;
/*!40014 SET FOREIGN_KEY_CHECKS=@OLD_FOREIGN_KEY_CHECKS */;
/*!40014 SET UNIQUE_CHECKS=@OLD_UNIQUE_CHECKS */;
/*!40101 SET CHARACTER_SET_CLIENT=@OLD_CHARACTER_SET_CLIENT */;
/*!40101 SET CHARACTER_SET_RESULTS=@OLD_CHARACTER_SET_RESULTS */;
/*!40101 SET COLLATION_CONNECTION=@OLD_COLLATION_CONNECTION */;
/*!40111 SET SQL_NOTES=@OLD_SQL_NOTES */;

-- Dump completed on 2021-05-17 17:20:14
